frameIndex,frameTime,voiceProb_sma,F0_sma,pcm_intensity_sma,pcm_loudness_sma,pcm_RMSenergy_sma,pcm_LOGenergy_sma
0,0.000000,6.615515e-01,7.353333e+01,4.841218e-12,1.178967e-02,1.024679e-01,-4.576666e+00
1,0.008345,7.153738e-01,1.470667e+02,1.327125e-11,2.571366e-02,1.289824e-01,-4.160834e+00
2,0.016689,7.918196e-01,2.169565e+02,3.654398e-09,1.116914e-01,1.674952e-01,-3.617922e+00
3,0.025034,8.610063e-01,2.079707e+02,2.055406e-06,6.748819e-01,2.119456e-01,-3.130259e+00
4,0.033379,8.982656e-01,1.995928e+02,2.107268e-06,8.517196e-01,2.532079e-01,-2.767861e+00
5,0.041723,9.132896e-01,1.945921e+02,3.543044e-06,1.282719e+00,2.926741e-01,-2.466774e+00
6,0.050068,9.152033e-01,1.926272e+02,3.924916e-06,1.312928e+00,3.261976e-01,-2.246626e+00
7,0.058413,9.149781e-01,1.908673e+02,2.164084e-05,2.220932e+00,3.505040e-01,-2.099454e+00
8,0.066757,9.181822e-01,1.902007e+02,2.029814e-05,1.933928e+00,3.695985e-01,-1.991473e+00
9,0.075102,9.240954e-01,1.924063e+02,1.808781e-05,1.624320e+00,3.782009e-01,-1.945019e+00
10,0.083447,9.278376e-01,1.940846e+02,3.380407e-05,1.854376e+00,3.793690e-01,-1.938702e+00
11,0.091791,9.275590e-01,1.949358e+02,4.201408e-05,2.499073e+00,3.710661e-01,-1.983524e+00
12,0.100136,9.249797e-01,1.952212e+02,5.779982e-05,3.268430e+00,3.530900e-01,-2.084579e+00
13,0.108481,9.223621e-01,1.952212e+02,8.028623e-05,3.489862e+00,3.303169e-01,-2.220013e+00
14,0.116825,9.170187e-01,1.952212e+02,7.554681e-05,3.293954e+00,3.007624e-01,-2.409621e+00
15,0.125170,9.097019e-01,1.952212e+02,7.633655e-05,3.309449e+00,2.677222e-01,-2.648203e+00
16,0.133515,9.064438e-01,1.946554e+02,3.016578e-05,2.678330e+00,2.360434e-01,-2.898819e+00
17,0.141859,9.090678e-01,1.932480e+02,2.824242e-05,2.537567e+00,2.065315e-01,-3.164320e+00
18,0.150204,9.130802e-01,1.905086e+02,1.252223e-05,1.931233e+00,1.857193e-01,-3.375076e+00
19,0.158549,9.107687e-01,1.872785e+02,3.863077e-06,1.494214e+00,1.713870e-01,-3.529242e+00
20,0.166893,9.043109e-01,1.851473e+02,3.746926e-06,1.482516e+00,1.684602e-01,-3.562398e+00
21,0.175238,8.994190e-01,1.843483e+02,2.681216e-06,1.133971e+00,1.759869e-01,-3.478290e+00
22,0.183583,8.977933e-01,1.843483e+02,2.839334e-06,1.153119e+00,1.880558e-01,-3.346223e+00
23,0.191927,8.925809e-01,1.859888e+02,2.059504e-06,1.051612e+00,2.035854e-01,-3.186584e+00
24,0.200272,8.812783e-01,1.895273e+02,5.792890e-06,1.614859e+00,2.195662e-01,-3.036937e+00
25,0.208617,8.737404e-01,1.933233e+02,7.209759e-06,1.739017e+00,2.376281e-01,-2.878141e+00
26,0.216961,8.805464e-01,1.961086e+02,1.582785e-05,2.220961e+00,2.568616e-01,-2.722094e+00
27,0.225306,8.941723e-01,1.978833e+02,2.345608e-05,2.493317e+00,2.723424e-01,-2.603458e+00
28,0.233651,9.053407e-01,1.996581e+02,2.260848e-05,2.426913e+00,2.815410e-01,-2.535122e+00
29,0.241995,9.056203e-01,2.005455e+02,2.139024e-05,2.389790e+00,2.806646e-01,-2.541492e+00
30,0.250340,8.981020e-01,2.005455e+02,4.541806e-05,2.779848e+00,2.695154e-01,-2.624752e+00
31,0.258685,8.821404e-01,2.005455e+02,4.400773e-05,2.587409e+00,2.518288e-01,-2.763034e+00
32,0.267029,8.642578e-01,2.005455e+02,4.047751e-05,2.451191e+00,2.238088e-01,-3.007472e+00
33,0.275374,8.566260e-01,2.002443e+02,1.304461e-05,1.963835e+00,1.882254e-01,-3.375877e+00
34,0.283719,8.124738e-01,1.990558e+02,1.261623e-05,1.757876e+00,1.512578e-01,-3.814121e+00
35,0.292063,7.350170e-01,1.972811e+02,8.002427e-06,1.111504e+00,1.247569e-01,-4.175999e+00
36,0.300408,7.122135e-01,1.952416e+02,3.398418e-06,9.146452e-01,1.185976e-01,-4.267085e+00
37,0.308753,7.526872e-01,1.921915e+02,3.511578e-06,1.012292e+00,1.379593e-01,-4.002609e+00
38,0.317098,8.193743e-01,1.889149e+02,3.539651e-06,1.090084e+00,1.692926e-01,-3.591659e+00
39,0.325442,8.124502e-01,1.869897e+02,1.214822e-06,8.921080e-01,1.978923e-01,-3.245879e+00
40,0.333787,7.803436e-01,1.869625e+02,1.095779e-06,7.839939e-01,2.100447e-01,-3.121261e+00
41,0.342132,7.579727e-01,1.874818e+02,1.066719e-06,6.986750e-01,2.122658e-01,-3.099863e+00
42,0.350476,7.642499e-01,1.872155e+02,1.512997e-05,1.276155e+00,2.106393e-01,-3.115386e+00
43,0.358821,8.073247e-01,1.864299e+02,2.588376e-05,2.071732e+00,1.995026e-01,-3.228648e+00
44,0.367166,8.516554e-01,1.846440e+02,2.855531e-05,2.614791e+00,1.875250e-01,-3.353138e+00
45,0.375510,8.816504e-01,1.821108e+02,1.396598e-05,1.947976e+00,1.828693e-01,-3.399678e+00
46,0.383855,8.794128e-01,1.803419e+02,5.502110e-06,1.598299e+00,1.972446e-01,-3.256793e+00
47,0.392200,8.800943e-01,1.805869e+02,2.835187e-06,1.082210e+00,2.181955e-01,-3.052237e+00
48,0.400544,8.858542e-01,1.826008e+02,1.915214e-05,1.783585e+00,2.382914e-01,-2.871150e+00
49,0.408889,8.903520e-01,1.851553e+02,1.769746e-05,1.630277e+00,2.467522e-01,-2.799451e+00
50,0.417234,8.619553e-01,1.874997e+02,2.456426e-05,2.350192e+00,2.499845e-01,-2.772814e+00
51,0.425578,7.723792e-01,1.890934e+02,8.142158e-06,1.623647e+00,2.474124e-01,-2.793425e+00
52,0.433923,7.068773e-01,1.899015e+02,1.132633e-05,1.885627e+00,2.405915e-01,-2.850611e+00
53,0.442268,7.218149e-01,1.901724e+02,6.898746e-06,1.665401e+00,2.302939e-01,-2.939468e+00
54,0.450612,7.973898e-01,1.910139e+02,6.696828e-06,1.599997e+00,2.132069e-01,-3.095435e+00
55,0.458957,8.413360e-01,1.932831e+02,2.767403e-06,1.136446e+00,2.007138e-01,-3.214891e+00
56,0.467302,8.426953e-01,1.967463e+02,6.129623e-07,8.507081e-01,1.866499e-01,-3.359270e+00
57,0.475646,8.642564e-01,1.999758e+02,6.555163e-06,1.360819e+00,1.726510e-01,-3.521455e+00
58,0.483991,9.005365e-01,2.033992e+02,6.811955e-06,1.463618e+00,1.548749e-01,-3.739740e+00
59,0.492336,9.313448e-01,2.072504e+02,8.799480e-06,1.736641e+00,1.398099e-01,-3.939593e+00
60,0.500680,9.388840e-01,2.108370e+02,4.682192e-06,1.510757e+00,1.290819e-01,-4.097645e+00
61,0.509025,9.381783e-01,2.131451e+02,8.083577e-06,1.856978e+00,1.181857e-01,-4.278379e+00
62,0.517370,9.307504e-01,2.141815e+02,5.826812e-06,1.412929e+00,1.050209e-01,-4.521393e+00
63,0.525714,9.198937e-01,2.152247e+02,4.225068e-06,1.199530e+00,8.937541e-02,-4.851113e+00
64,0.534059,9.038065e-01,2.148947e+02,4.064652e-06,1.190589e+00,7.336786e-02,-5.258810e+00
65,0.542404,8.396561e-01,2.160728e+02,4.376833e-06,1.375070e+00,5.618090e-02,-5.828001e+00
66,0.550748,6.684768e-01,2.205868e+02,4.135300e-06,1.296311e+00,4.570618e-02,-6.200827e+00
67,0.559093,4.611914e-01,1.495252e+02,5.910902e-07,8.209443e-01,4.082868e-02,-6.398818e+00
68,0.567438,3.042726e-01,7.660553e+01,2.716077e-07,6.202607e-01,4.370999e-02,-6.262940e+00
69,0.575782,2.647105e-01,0,8.335618e-08,3.937263e-01,4.589877e-02,-6.165962e+00
70,0.584127,2.633429e-01,0,1.927823e-08,2.673991e-01,4.815187e-02,-6.067167e+00
71,0.592472,2.921999e-01,0,2.572852e-07,4.413182e-01,4.882446e-02,-6.039072e+00
72,0.600816,3.006431e-01,0,7.438484e-07,7.602377e-01,7.185148e-02,-5.448713e+00
73,0.609161,4.093563e-01,0,9.301677e-07,9.618996e-01,1.130263e-01,-4.610293e+00
74,0.617506,5.279579e-01,7.992754e+01,7.537886e-07,8.697958e-01,1.713991e-01,-3.595623e+00
75,0.625850,6.926025e-01,1.542527e+02,2.793516e-07,6.219725e-01,2.219312e-01,-3.043469e+00
76,0.634195,7.956424e-01,2.229754e+02,1.316175e-07,5.190347e-01,2.628164e-01,-2.685557e+00
77,0.642540,8.708112e-01,2.117706e+02,9.384012e-07,7.506714e-01,2.943641e-01,-2.450620e+00
78,0.650884,9.142917e-01,2.052311e+02,2.591153e-05,1.842020e+00,3.110427e-01,-2.336962e+00
79,0.659229,9.248716e-01,2.033569e+02,5.826500e-05,2.979443e+00,3.138773e-01,-2.318032e+00
80,0.667574,9.232466e-01,2.014826e+02,6.942332e-05,3.510551e+00,3.004327e-01,-2.408253e+00
81,0.675918,9.175240e-01,2.002443e+02,5.162967e-05,3.131135e+00,2.734142e-01,-2.603536e+00
82,0.684263,9.036035e-01,1.993464e+02,5.889451e-05,3.213472e+00,2.409377e-01,-2.861377e+00
83,0.692608,8.718157e-01,1.978621e+02,5.528955e-05,3.114496e+00,2.051402e-01,-3.186392e+00
84,0.700952,7.933702e-01,1.963885e+02,5.979231e-05,3.246026e+00,1.688575e-01,-3.593536e+00
85,0.709297,6.167035e-01,1.955117e+02,2.338303e-05,2.508065e+00,1.339134e-01,-4.066500e+00
86,0.717642,4.522889e-01,1.301475e+02,1.497822e-05,1.795276e+00,9.955201e-02,-4.682498e+00
87,0.725986,3.538222e-01,6.507375e+01,5.906927e-06,1.445078e+00,7.532058e-02,-5.233106e+00
88,0.734331,3.791395e-01,0,3.226943e-06,1.176629e+00,6.047024e-02,-5.618392e+00
89,0.742676,4.164142e-01,0,3.824487e-06,1.414150e+00,5.422292e-02,-5.833917e+00
90,0.751020,4.357196e-01,0,1.240469e-06,9.714176e-01,4.905896e-02,-6.047043e+00
91,0.759365,4.279795e-01,0,1.317440e-06,9.865746e-01,4.322859e-02,-6.291676e+00
92,0.767710,3.596421e-01,0,6.881572e-07,6.393034e-01,3.922343e-02,-6.478756e+00
93,0.776054,2.575621e-01,0,1.027610e-06,8.095353e-01,3.638715e-02,-6.633294e+00
94,0.784399,1.954234e-01,0,4.185887e-07,5.770319e-01,2.701517e-02,-7.464587e+00
95,0.792744,3.290759e-01,0,5.371548e-07,7.657986e-01,1.762674e-02,-8.414233e+00
96,0.801088,5.022443e-01,6.576102e+01,1.581523e-07,4.606712e-01,9.956998e-03,-9.229107e+00
97,0.809433,5.967667e-01,1.358937e+02,1.203071e-07,3.348391e-01,9.685070e-03,-9.278885e+00
98,0.817778,5.169309e-01,1.358937e+02,1.119563e-09,1.289241e-01,1.128043e-02,-8.992661e+00
99,0.826122,4.071459e-01,7.013269e+01,1.101918e-09,1.282218e-01,2.622273e-02,-7.836338e+00
100,0.834467,4.172456e-01,0,5.788796e-10,9.639748e-02,4.848105e-02,-6.506922e+00
101,0.842812,5.030845e-01,0,1.526909e-08,1.886613e-01,7.709348e-02,-5.185310e+00
102,0.851156,6.364525e-01,6.339081e+01,2.044827e-08,2.451747e-01,9.640521e-02,-4.702110e+00
103,0.859501,6.920033e-01,1.267816e+02,5.568396e-08,3.984361e-01,1.104921e-01,-4.411350e+00
104,0.867846,7.297749e-01,1.874272e+02,5.253609e-08,3.894443e-01,1.175579e-01,-4.282654e+00
105,0.876190,7.719457e-01,1.817104e+02,1.412114e-06,8.010650e-01,1.164080e-01,-4.303442e+00
106,0.884535,8.170521e-01,1.755449e+02,1.377585e-06,6.841049e-01,1.079783e-01,-4.461874e+00
107,0.892880,8.260107e-01,1.719019e+02,3.915546e-06,1.175458e+00,9.107732e-02,-4.824926e+00
108,0.901224,8.070200e-01,1.712304e+02,2.557915e-06,7.731154e-01,7.023143e-02,-5.394061e+00
109,0.909569,7.747515e-01,1.705726e+02,3.091267e-06,1.104155e+00,4.594083e-02,-6.382648e+00
110,0.917914,7.553400e-01,1.690740e+02,5.694721e-07,6.489424e-01,2.598599e-02,-7.668523e+00
111,0.926259,7.914023e-01,1.680105e+02,5.629669e-07,5.993870e-01,1.217431e-02,-9.160645e+00
112,0.934603,8.413938e-01,1.686296e+02,3.052838e-08,2.830495e-01,6.079860e-03,-1.044553e+01
113,0.942948,8.160568e-01,1.719529e+02,5.321452e-09,2.037106e-01,6.476691e-03,-1.037179e+01
114,0.951293,6.442419e-01,1.800926e+02,5.077178e-09,1.986821e-01,1.180657e-02,-9.409945e+00
115,0.959637,4.652102e-01,1.229061e+02,4.819978e-09,1.952992e-01,2.002626e-02,-7.951197e+00
116,0.967982,3.672746e-01,6.407874e+01,2.075227e-09,1.342010e-01,2.602582e-02,-7.318537e+00
117,0.976327,3.740766e-01,0,1.417388e-09,9.995837e-02,2.970379e-02,-7.036324e+00
118,0.984671,4.003417e-01,0,4.401144e-10,8.008250e-02,3.207879e-02,-6.884081e+00
119,0.993016,4.289634e-01,0,1.040091e-07,2.967709e-01,4.198371e-02,-6.418058e+00
120,1.001361,4.861777e-01,0,1.508170e-07,4.641204e-01,7.021631e-02,-5.555040e+00
121,1.009705,5.433721e-01,6.872274e+01,2.662885e-07,6.625264e-01,1.191909e-01,-4.454645e+00
122,1.018050,6.163527e-01,1.356210e+02,2.068948e-07,6.095886e-01,1.701212e-01,-3.603276e+00
123,1.026395,6.830644e-01,1.987968e+02,2.811744e-07,6.706094e-01,2.123852e-01,-3.112864e+00
124,1.034739,7.600408e-01,1.908495e+02,1.667171e-07,4.925893e-01,2.378265e-01,-2.879199e+00
125,1.043084,8.177848e-01,1.837384e+02,4.676661e-07,6.476086e-01,2.599055e-01,-2.697846e+00
126,1.051429,8.225953e-01,1.796265e+02,5.142597e-05,1.909896e+00,2.703217e-01,-2.617341e+00
127,1.059773,8.047677e-01,1.772145e+02,5.214327e-05,2.264878e+00,2.701634e-01,-2.618568e+00
128,1.068118,7.971665e-01,1.748788e+02,9.101228e-05,3.321356e+00,2.610754e-01,-2.687353e+00
129,1.076463,8.124005e-01,1.725982e+02,4.072447e-05,2.245136e+00,2.502801e-01,-2.770981e+00
130,1.084807,8.405447e-01,1.705830e+02,4.582481e-05,2.611482e+00,2.482325e-01,-2.787066e+00
131,1.093152,8.577661e-01,1.690513e+02,6.709115e-06,1.449374e+00,2.444309e-01,-2.818087e+00
132,1.101497,8.708802e-01,1.679750e+02,5.945982e-06,1.176641e+00,2.405733e-01,-2.850711e+00
133,1.109841,8.718648e-01,1.673338e+02,9.795398e-07,8.323675e-01,2.282243e-01,-2.956932e+00
134,1.118186,8.544605e-01,1.669118e+02,5.845623e-06,1.350677e+00,2.149961e-01,-3.077738e+00
135,1.126531,8.275223e-01,1.664929e+02,6.481982e-06,1.601369e+00,1.982967e-01,-3.240913e+00
136,1.134875,8.194917e-01,1.660741e+02,8.504373e-06,1.795774e+00,1.766453e-01,-3.481410e+00
137,1.143220,8.386222e-01,1.658647e+02,8.045863e-06,1.774298e+00,1.532144e-01,-3.770541e+00
138,1.151565,8.731859e-01,1.660741e+02,1.143696e-05,2.069667e+00,1.305392e-01,-4.085539e+00
139,1.159909,8.891261e-01,1.660772e+02,1.085548e-05,2.027967e+00,1.139846e-01,-4.354655e+00
140,1.168254,8.845279e-01,1.650638e+02,8.034042e-06,1.841886e+00,9.948871e-02,-4.627542e+00
141,1.176599,8.700930e-01,1.628540e+02,6.978196e-06,1.780874e+00,8.461077e-02,-4.963995e+00
142,1.184943,8.423648e-01,1.602754e+02,5.468532e-06,1.617165e+00,6.916511e-02,-5.379746e+00
143,1.193288,6.913826e-01,1.583381e+02,3.994561e-06,1.365656e+00,6.804010e-02,-5.406444e+00
144,1.201633,4.910182e-01,1.050503e+02,1.397172e-06,1.074040e+00,7.305333e-02,-5.273222e+00
145,1.209977,3.152838e-01,5.233755e+01,7.349373e-07,8.895596e-01,8.427343e-02,-4.947973e+00
146,1.218322,2.737924e-01,0,5.549678e-07,7.620274e-01,8.650399e-02,-4.896041e+00
147,1.226667,2.877746e-01,0,1.707505e-07,5.492045e-01,9.095145e-02,-4.796698e+00
148,1.235011,3.066287e-01,0,1.398002e-07,5.284305e-01,9.551648e-02,-4.699433e+00
149,1.243356,3.085114e-01,0,5.176003e-07,7.198049e-01,9.287322e-02,-4.761433e+00
150,1.251701,3.494726e-01,0,5.275660e-07,7.391412e-01,9.132554e-02,-4.794350e+00
151,1.260045,3.964869e-01,0,6.296593e-07,7.964136e-01,9.637468e-02,-4.701089e+00
152,1.268390,4.973513e-01,0,1.741276e-06,9.676261e-01,1.216512e-01,-4.262057e+00
153,1.276735,5.773262e-01,3.518341e+01,1.760029e-06,9.937623e-01,1.504747e-01,-3.819355e+00
154,1.285079,6.487243e-01,8.589825e+01,2.501084e-06,1.164974e+00,1.819475e-01,-3.422426e+00
155,1.293424,6.927587e-01,1.521445e+02,1.177074e-06,9.237430e-01,2.067523e-01,-3.164045e+00
156,1.301769,7.584276e-01,1.832073e+02,4.726913e-06,1.418764e+00,2.330106e-01,-2.919999e+00
157,1.310113,8.217993e-01,1.965120e+02,5.541784e-06,1.512785e+00,2.523949e-01,-2.757340e+00
158,1.318458,8.705284e-01,1.915478e+02,7.502061e-06,1.812135e+00,2.646250e-01,-2.659305e+00
159,1.326803,8.789711e-01,1.855788e+02,5.718940e-06,1.685796e+00,2.682527e-01,-2.631653e+00
160,1.335147,8.814376e-01,1.811014e+02,6.074912e-06,1.717124e+00,2.636013e-01,-2.667219e+00
161,1.343492,8.879407e-01,1.788833e+02,4.038947e-06,1.379073e+00,2.555504e-01,-2.730110e+00
162,1.351837,8.950401e-01,1.771992e+02,3.616503e-06,1.336707e+00,2.392319e-01,-2.864661e+00
163,1.360181,8.977368e-01,1.757871e+02,1.576292e-06,9.609191e-01,2.184678e-01,-3.051687e+00
164,1.368526,8.930891e-01,1.746235e+02,1.215214e-05,1.658942e+00,1.905131e-01,-3.332244e+00
165,1.376871,8.780462e-01,1.739306e+02,1.679953e-05,1.942073e+00,1.620157e-01,-3.662372e+00
166,1.385215,8.377870e-01,1.741640e+02,1.683537e-05,1.970950e+00,1.333972e-01,-4.056508e+00
167,1.393560,7.122827e-01,1.760627e+02,8.512280e-06,1.627994e+00,1.042506e-01,-4.582276e+00
168,1.401905,5.192153e-01,1.181625e+02,3.821604e-06,1.340035e+00,7.523379e-02,-5.286919e+00
169,1.410249,3.945546e-01,5.979901e+01,4.223706e-06,1.484544e+00,6.135814e-02,-5.617399e+00
170,1.418594,3.980857e-01,0,1.872395e-06,1.031042e+00,6.906682e-02,-5.433580e+00
171,1.426939,5.051137e-01,0,6.666903e-07,7.824314e-01,9.286687e-02,-4.812123e+00
172,1.435283,6.175901e-01,5.790026e+01,1.819160e-07,5.433989e-01,1.207359e-01,-4.260103e+00
173,1.443628,7.288877e-01,1.144945e+02,2.304023e-07,6.052546e-01,1.429336e-01,-3.908740e+00
174,1.451973,8.196151e-01,1.697827e+02,5.493468e-07,7.144344e-01,1.619783e-01,-3.645056e+00
175,1.460317,8.661494e-01,1.671707e+02,1.864589e-05,1.681629e+00,1.729315e-01,-3.511775e+00
176,1.468662,8.725262e-01,1.658647e+02,1.997275e-05,1.985016e+00,1.776510e-01,-3.456101e+00
177,1.477007,8.706443e-01,1.656584e+02,2.002419e-05,1.996853e+00,1.786340e-01,-3.444954e+00
178,1.485351,8.675494e-01,1.654521e+02,3.316170e-06,1.405067e+00,1.723553e-01,-3.518069e+00
179,1.493696,8.682502e-01,1.654521e+02,4.382636e-06,1.500108e+00,1.654273e-01,-3.601484e+00
180,1.502041,8.691294e-01,1.658678e+02,5.366746e-06,1.643874e+00,1.570060e-01,-3.703627e+00
181,1.510385,8.718030e-01,1.667056e+02,4.282870e-06,1.460485e+00,1.486266e-01,-3.815665e+00
182,1.518730,8.733087e-01,1.677656e+02,2.510122e-06,1.267865e+00,1.401809e-01,-3.933877e+00
183,1.527075,8.641140e-01,1.688320e+02,1.468502e-06,1.110803e+00,1.269038e-01,-4.135559e+00
184,1.535420,8.581028e-01,1.694764e+02,1.989970e-06,1.221260e+00,1.148842e-01,-4.338558e+00
185,1.543764,8.618915e-01,1.694764e+02,2.509205e-06,1.297215e+00,1.017864e-01,-4.577174e+00
186,1.552109,8.743305e-01,1.690446e+02,2.095390e-06,1.109641e+00,8.809489e-02,-4.879189e+00
187,1.560454,8.719547e-01,1.688287e+02,1.339668e-06,8.927611e-01,7.523304e-02,-5.198832e+00
188,1.568798,8.501423e-01,1.711483e+02,2.706795e-07,6.595838e-01,6.033258e-02,-5.647192e+00
189,1.577143,8.354499e-01,1.757873e+02,2.379609e-07,5.932192e-01,4.871069e-02,-6.091444e+00
190,1.585488,8.388675e-01,1.809830e+02,8.563545e-07,7.872412e-01,3.687790e-02,-6.647896e+00
191,1.593832,8.608248e-01,1.781490e+02,7.337296e-07,6.697040e-01,2.758536e-02,-7.255767e+00
192,1.602177,8.645163e-01,1.703530e+02,7.484170e-07,7.080458e-01,2.009196e-02,-7.884715e+00
193,1.610522,8.154038e-01,1.702382e+02,6.727316e-08,4.441976e-01,1.471845e-02,-8.482709e+00
194,1.618866,6.908121e-01,1.850101e+02,1.005971e-07,4.948814e-01,1.153145e-02,-8.959103e+00
195,1.627211,5.586786e-01,1.320348e+02,8.751179e-08,4.622985e-01,9.700214e-03,-9.281430e+00
196,1.635556,5.246373e-01,7.060564e+01,6.604954e-08,3.956389e-01,9.344564e-03,-9.348800e+00
197,1.643900,5.899259e-01,8.859438e+01,2.754581e-08,3.318226e-01,1.039836e-02,-9.151208e+00
198,1.652245,7.017079e-01,1.869602e+02,2.424783e-08,3.191036e-01,1.216574e-02,-8.837855e+00
199,1.660590,7.755653e-01,3.023066e+02,2.150490e-08,2.913107e-01,1.371639e-02,-8.583907e+00
200,1.668934,8.240848e-01,3.254915e+02,1.462844e-08,2.664976e-01,1.469092e-02,-8.442003e+00
201,1.677279,8.382279e-01,3.302878e+02,3.565634e-08,3.201626e-01,1.544991e-02,-8.342454e+00
202,1.685624,7.246485e-01,3.093822e+02,4.802017e-08,3.880421e-01,4.164563e-02,-7.110017e+00
203,1.693968,6.236711e-01,1.976029e+02,7.484820e-08,4.529358e-01,8.496761e-02,-5.607539e+00
204,1.702313,5.593215e-01,1.679742e+02,4.972153e-08,3.754247e-01,1.388374e-01,-4.018401e+00
205,1.710658,6.047730e-01,1.470667e+02,4.200172e-08,3.466137e-01,1.801675e-01,-3.454681e+00
206,1.719002,6.891811e-01,2.206000e+02,7.483861e-08,3.847969e-01,2.127967e-01,-3.111168e+00
207,1.727347,7.776532e-01,2.175642e+02,9.261524e-08,4.485257e-01,2.410201e-01,-2.851787e+00
208,1.735692,8.735914e-01,2.114927e+02,1.281956e-06,8.390972e-01,2.597639e-01,-2.698339e+00
209,1.744036,9.125504e-01,2.054211e+02,9.996647e-06,1.523282e+00,2.719127e-01,-2.605210e+00
210,1.752381,9.181562e-01,2.023853e+02,2.971689e-05,2.512301e+00,2.790685e-01,-2.552842e+00
211,1.760726,9.164657e-01,2.023853e+02,3.289084e-05,2.744713e+00,2.797460e-01,-2.547905e+00
212,1.769070,9.145391e-01,2.026976e+02,2.898133e-05,2.600618e+00,2.806963e-01,-2.541141e+00
213,1.777415,9.146919e-01,2.033223e+02,3.012080e-05,2.619871e+00,2.819311e-01,-2.532506e+00
214,1.785760,9.141040e-01,2.039469e+02,2.687305e-05,2.378199e+00,2.851409e-01,-2.509605e+00
215,1.794104,9.114783e-01,2.039469e+02,2.725630e-05,2.395326e+00,2.866099e-01,-2.499282e+00
216,1.802449,9.022806e-01,2.033223e+02,2.508652e-05,2.357982e+00,2.856430e-01,-2.506034e+00
217,1.810794,8.916062e-01,2.026976e+02,2.459172e-05,2.281123e+00,2.863434e-01,-2.501139e+00
218,1.819138,8.824940e-01,2.020787e+02,2.029752e-05,1.976607e+00,2.870134e-01,-2.496483e+00
219,1.827483,8.814840e-01,2.011643e+02,3.681403e-06,1.439220e+00,2.880227e-01,-2.489437e+00
220,1.835828,8.835343e-01,1.993625e+02,4.598776e-06,1.564380e+00,2.914583e-01,-2.465936e+00
221,1.844172,8.787394e-01,1.969957e+02,6.356795e-06,1.732124e+00,2.907322e-01,-2.470983e+00
222,1.852517,8.655761e-01,1.946708e+02,1.642816e-05,2.134319e+00,2.838076e-01,-2.520894e+00
223,1.860862,8.180830e-01,1.924063e+02,1.497077e-05,1.828702e+00,2.667184e-01,-2.646956e+00
224,1.869206,7.226909e-01,1.902007e+02,1.462778e-05,1.803893e+00,2.413869e-01,-2.852325e+00
225,1.877551,6.349151e-01,1.880328e+02,3.518185e-05,2.142793e+00,2.117326e-01,-3.122222e+00
226,1.885896,6.165884e-01,1.864300e+02,3.846867e-05,2.587925e+00,1.730903e-01,-3.546328e+00
227,1.894240,6.688125e-01,1.859018e+02,3.705860e-05,2.445699e+00,1.434672e-01,-3.911662e+00
228,1.902585,7.374086e-01,1.861637e+02,4.382031e-06,1.306965e+00,1.423268e-01,-3.924582e+00
229,1.910930,7.873807e-01,1.872245e+02,1.235283e-06,9.363460e-01,1.717477e-01,-3.579904e+00
230,1.919274,8.291941e-01,1.862787e+02,6.590863e-07,8.269373e-01,2.150119e-01,-3.096210e+00
231,1.927619,8.613029e-01,1.827890e+02,8.020927e-07,9.260492e-01,2.497074e-01,-2.784820e+00
232,1.935964,8.789625e-01,1.787621e+02,8.988804e-07,9.594879e-01,2.755347e-01,-2.582584e+00
233,1.944308,8.861556e-01,1.764800e+02,6.520194e-06,1.404072e+00,2.966931e-01,-2.432585e+00
234,1.952653,8.906708e-01,1.762466e+02,1.902915e-05,2.117408e+00,3.059575e-01,-2.369261e+00
235,1.960998,8.941962e-01,1.753237e+02,2.868361e-05,2.711234e+00,3.097844e-01,-2.343902e+00
236,1.969342,9.004807e-01,1.737223e+02,7.047287e-05,3.396051e+00,3.062921e-01,-2.366450e+00
237,1.977687,9.018791e-01,1.719125e+02,6.144244e-05,3.086971e+00,3.042556e-01,-2.379863e+00
238,1.986032,9.030182e-01,1.705727e+02,5.201504e-05,2.550297e+00,3.042575e-01,-2.379850e+00
239,1.994376,9.037603e-01,1.696957e+02,8.291301e-06,1.778178e+00,2.995566e-01,-2.411458e+00
240,2.002721,9.028361e-01,1.690446e+02,4.969682e-06,1.430211e+00,2.936499e-01,-2.451962e+00
241,2.011066,8.995742e-01,1.686129e+02,9.011243e-06,1.774944e+00,2.767870e-01,-2.571748e+00
242,2.019410,8.934422e-01,1.683970e+02,1.263156e-05,1.923358e+00,2.568730e-01,-2.725260e+00
243,2.027755,8.839810e-01,1.683970e+02,1.453360e-05,2.177791e+00,2.337360e-01,-2.912943e+00
244,2.036100,8.688073e-01,1.681843e+02,1.013138e-05,1.727077e+00,2.073646e-01,-3.158218e+00
245,2.044444,8.592851e-01,1.675497e+02,2.481002e-06,1.056108e+00,1.848080e-01,-3.389649e+00
246,2.052789,8.642414e-01,1.667056e+02,4.342075e-07,7.507411e-01,1.633681e-01,-3.628670e+00
247,2.061134,8.806354e-01,1.664961e+02,3.092130e-07,6.730957e-01,1.516905e-01,-3.774875e+00
248,2.069478,8.965337e-01,1.671308e+02,4.675632e-07,7.769820e-01,1.487246e-01,-3.812285e+00
249,2.077823,9.040394e-01,1.679749e+02,9.259747e-07,9.001925e-01,1.481345e-01,-3.820246e+00
250,2.086168,9.068002e-01,1.686129e+02,8.727102e-07,8.174866e-01,1.501478e-01,-3.792641e+00
251,2.094512,9.045822e-01,1.690446e+02,1.076122e-05,1.456997e+00,1.472939e-01,-3.830735e+00
252,2.102857,8.988705e-01,1.699183e+02,1.011122e-05,1.153242e+00,1.541161e-01,-3.744047e+00
253,2.111202,8.634210e-01,1.710180e+02,1.098450e-05,1.478872e+00,1.680347e-01,-3.579256e+00
254,2.119546,8.165328e-01,1.721280e+02,2.331713e-06,1.068614e+00,1.923939e-01,-3.308085e+00
255,2.127891,7.998171e-01,1.732520e+02,2.625988e-06,1.287164e+00,2.210835e-01,-3.032125e+00
256,2.136236,8.259954e-01,1.743973e+02,1.843142e-06,1.073981e+00,2.545768e-01,-2.749920e+00
257,2.144580,8.654181e-01,1.765223e+02,9.776819e-07,9.494136e-01,2.855723e-01,-2.513693e+00
258,2.152925,8.802916e-01,1.799361e+02,1.161066e-05,1.575868e+00,3.113258e-01,-2.336597e+00
259,2.161270,8.837993e-01,1.841965e+02,2.022505e-05,2.229702e+00,3.297093e-01,-2.220948e+00
260,2.169615,8.886147e-01,1.883443e+02,5.076207e-05,3.137077e+00,3.415772e-01,-2.148832e+00
261,2.177959,8.936853e-01,1.921750e+02,4.174735e-05,2.750842e+00,3.463031e-01,-2.120887e+00
262,2.186304,8.984833e-01,1.961755e+02,4.100622e-05,2.727498e+00,3.433409e-01,-2.138218e+00
263,2.194649,9.065863e-01,2.000027e+02,2.531286e-05,2.480645e+00,3.402067e-01,-2.156518e+00
264,2.202993,9.150049e-01,2.030327e+02,3.525856e-05,2.890452e+00,3.325056e-01,-2.202678e+00
265,2.211338,9.221723e-01,2.052256e+02,3.699818e-05,2.943144e+00,3.261379e-01,-2.241533e+00
266,2.219683,9.252284e-01,2.068226e+02,6.165598e-05,3.292580e+00,3.195288e-01,-2.281852e+00
267,2.228027,9.212914e-01,2.077891e+02,5.655653e-05,3.141617e+00,3.158586e-01,-2.305029e+00
268,2.236372,9.123121e-01,2.077891e+02,4.695545e-05,2.466247e+00,3.103071e-01,-2.340856e+00
269,2.244717,9.041331e-01,2.068226e+02,1.971825e-05,2.060537e+00,3.021837e-01,-2.394005e+00
270,2.253061,8.966599e-01,2.055379e+02,3.207203e-05,2.361288e+00,2.902788e-01,-2.475261e+00
271,2.261406,8.787286e-01,2.039585e+02,4.578331e-05,3.139015e+00,2.731110e-01,-2.600075e+00
272,2.269751,8.359326e-01,2.021012e+02,3.766825e-05,2.880712e+00,2.485695e-01,-2.792499e+00
273,2.278095,8.067451e-01,1.999653e+02,5.911752e-05,3.165087e+00,2.228686e-01,-3.011348e+00
274,2.286440,8.162412e-01,1.978621e+02,5.076728e-05,2.917826e+00,1.970187e-01,-3.258743e+00
275,2.294785,8.593903e-01,1.961031e+02,4.702802e-05,2.640702e+00,1.726462e-01,-3.528022e+00
276,2.303129,8.983219e-01,1.940994e+02,6.487245e-06,1.391870e+00,1.580824e-01,-3.693823e+00
277,2.311474,9.068840e-01,1.913270e+02,3.688790e-06,1.242727e+00,1.531643e-01,-3.753397e+00
278,2.319819,8.952791e-01,1.883314e+02,6.379236e-06,1.466277e+00,1.610361e-01,-3.654026e+00
279,2.328163,8.775694e-01,1.859197e+02,6.792805e-06,1.670231e+00,1.679243e-01,-3.570457e+00
280,2.336508,8.800105e-01,1.846057e+02,1.006010e-05,1.838635e+00,1.788102e-01,-3.445087e+00
281,2.344853,8.981970e-01,1.843483e+02,6.543536e-06,1.420414e+00,1.872622e-01,-3.352673e+00
282,2.353197,9.172974e-01,1.846058e+02,6.820385e-06,1.477423e+00,1.966190e-01,-3.253705e+00
283,2.361542,9.233872e-01,1.851207e+02,6.339581e-06,1.457654e+00,2.002158e-01,-3.216974e+00
284,2.369887,9.231961e-01,1.853782e+02,1.177238e-05,1.967757e+00,2.018876e-01,-3.200120e+00
285,2.378231,9.220505e-01,1.853782e+02,1.169423e-05,1.953506e+00,2.017311e-01,-3.201660e+00
286,2.386576,9.206559e-01,1.856400e+02,8.597226e-06,1.782253e+00,1.993454e-01,-3.225796e+00
287,2.394921,9.203045e-01,1.861637e+02,4.928168e-06,1.569359e+00,1.980851e-01,-3.238462e+00
288,2.403265,9.204379e-01,1.866873e+02,5.289384e-06,1.627585e+00,1.931314e-01,-3.289145e+00
289,2.411610,9.215128e-01,1.869492e+02,1.749957e-05,2.062907e+00,1.919006e-01,-3.301947e+00
290,2.419955,9.223430e-01,1.869492e+02,1.563812e-05,1.698983e+00,1.867539e-01,-3.356324e+00
291,2.428299,9.238080e-01,1.872155e+02,1.705985e-05,1.839717e+00,1.831655e-01,-3.395605e+00
292,2.436644,9.245503e-01,1.877481e+02,4.746992e-06,1.396460e+00,1.769567e-01,-3.464223e+00
293,2.444989,9.228480e-01,1.882807e+02,9.395321e-06,1.934279e+00,1.690841e-01,-3.557061e+00
294,2.453333,9.176748e-01,1.885470e+02,7.564820e-06,1.726041e+00,1.597104e-01,-3.672139e+00
295,2.461678,9.136896e-01,1.885470e+02,5.915374e-06,1.534196e+00,1.467543e-01,-3.843121e+00
296,2.470023,9.129952e-01,1.885470e+02,6.620106e-06,1.565716e+00,1.356593e-01,-4.000759e+00
297,2.478367,9.177074e-01,1.888179e+02,6.075792e-06,1.356514e+00,1.214899e-01,-4.224224e+00
298,2.486712,9.227827e-01,1.896353e+02,9.730021e-06,1.672492e+00,1.101687e-01,-4.420894e+00
299,2.495057,9.276238e-01,1.907283e+02,4.428446e-06,1.143638e+00,9.921279e-02,-4.624708e+00
300,2.503401,9.285986e-01,1.915505e+02,5.148602e-06,1.384949e+00,9.092206e-02,-4.801556e+00
301,2.511746,9.269555e-01,1.915505e+02,8.914892e-07,7.874698e-01,8.252287e-02,-4.997419e+00
302,2.520091,9.225550e-01,1.909993e+02,1.434255e-06,9.552723e-01,7.227986e-02,-5.268730e+00
303,2.528435,9.168544e-01,1.907236e+02,3.028504e-06,1.126842e+00,6.239010e-02,-5.568736e+00
304,2.536780,9.081647e-01,1.907236e+02,3.052108e-06,1.176553e+00,5.104858e-02,-5.980937e+00
305,2.545125,8.928945e-01,1.909993e+02,2.419219e-06,9.158280e-01,3.980227e-02,-6.515426e+00
306,2.553469,8.698196e-01,1.912749e+02,5.760735e-08,3.793185e-01,2.848756e-02,-7.215712e+00
307,2.561814,8.249001e-01,1.912749e+02,1.360094e-07,4.515828e-01,1.801570e-02,-8.256635e+00
308,2.570159,8.029605e-01,1.909993e+02,1.356035e-07,4.507608e-01,1.003710e-02,-9.628109e+00
309,2.578503,8.077038e-01,1.921769e+02,1.346036e-07,4.286959e-01,4.590068e-03,-1.112991e+01
310,2.586848,8.452154e-01,2.027865e+02,2.245580e-08,2.368143e-01,2.404722e-03,-1.215711e+01
311,2.595193,8.512318e-01,2.150966e+02,1.155801e-09,1.302357e-01,1.756839e-03,-1.269561e+01
312,2.603537,7.574907e-01,2.227297e+02,1.554436e-09,1.416956e-01,1.414099e-03,-1.320707e+01
313,2.611882,5.930906e-01,2.224031e+02,1.111229e-09,1.230018e-01,9.899329e-04,-1.403696e+01
314,2.620227,4.277310e-01,1.467023e+02,8.357486e-10,9.767213e-02,6.075070e-04,-1.491883e+01
315,2.628571,3.493975e-01,7.394953e+01,1.845444e-10,7.040117e-02,4.349930e-04,-1.549827e+01
316,2.636916,3.481082e-01,0,7.587096e-11,4.993280e-02,3.701553e-04,-1.581474e+01
317,2.645261,4.430283e-01,0,7.724784e-11,5.050425e-02,3.332876e-04,-1.602044e+01
318,2.653605,5.541989e-01,7.563718e+01,1.815358e-11,3.620288e-02,2.931268e-04,-1.627991e+01
319,2.661950,6.623641e-01,1.544296e+02,1.731895e-11,3.511054e-02,2.677501e-04,-1.646093e+01
320,2.670295,6.820343e-01,2.402726e+02,8.471671e-12,2.971218e-02,2.584636e-04,-1.652457e+01
321,2.678639,6.573590e-01,2.577096e+02,8.137856e-12,2.942738e-02,2.873180e-04,-1.632854e+01
322,2.686984,6.759494e-01,2.927770e+02,1.414753e-11,3.435934e-02,3.465788e-04,-1.596370e+01
323,2.695329,7.102296e-01,3.359795e+02,1.197748e-11,3.056459e-02,4.907953e-04,-1.533819e+01
324,2.703673,7.765634e-01,3.707991e+02,8.263299e-12,1.967594e-02,6.755618e-04,-1.469319e+01
325,2.712018,8.185024e-01,3.859452e+02,3.088290e-12,1.583637e-02,8.872729e-04,-1.408081e+01
326,2.720363,8.716455e-01,3.847933e+02,4.215139e-12,1.828818e-02,1.050250e-03,-1.373183e+01
327,2.728707,9.220458e-01,3.836812e+02,3.947995e-11,3.967852e-02,1.165026e-03,-1.351464e+01
328,2.737052,6.414562e-01,3.825691e+02,1.335046e-10,5.889441e-02,1.430896e-03,-1.313980e+01
329,2.745397,4.251696e-01,2.546754e+02,2.370445e-10,8.001977e-02,1.705462e-03,-1.279134e+01
330,2.753741,1.806995e-01,1.278937e+02,2.546980e-10,8.278943e-02,2.014707e-03,-1.241859e+01
331,2.762086,4.303394e-01,0,5.848501e-10,9.904315e-02,2.825924e-03,-1.185977e+01
332,2.770431,5.407683e-01,1.361728e+02,6.413149e-10,1.031276e-01,9.221691e-03,-1.029329e+01
333,2.778776,5.784175e-01,2.520082e+02,6.405632e-10,1.030242e-01,3.498243e-02,-7.891854e+00
334,2.787120,4.114574e-01,2.520082e+02,2.093176e-09,1.283369e-01,6.070335e-02,-5.929101e+00
335,2.795465,3.309411e-01,1.158354e+02,1.966267e-09,1.158599e-01,8.090083e-02,-5.029228e+00
336,2.803810,4.039315e-01,0,2.511393e-09,1.417920e-01,8.205333e-02,-5.000829e+00
337,2.812154,5.058109e-01,0,7.212529e-08,2.813240e-01,9.520587e-02,-4.737473e+00
338,2.820499,4.961573e-01,0,3.621059e-07,5.797241e-01,1.231054e-01,-4.267696e+00
339,2.828844,4.532759e-01,0,6.061592e-07,8.335294e-01,1.599756e-01,-3.702592e+00
340,2.837188,3.819685e-01,0,5.860740e-07,8.137429e-01,1.918337e-01,-3.314273e+00
341,2.845533,4.077498e-01,0,3.568153e-07,6.940729e-01,2.188889e-01,-3.048234e+00
342,2.853878,4.487095e-01,0,6.852034e-07,7.824454e-01,2.418916e-01,-2.844913e+00
343,2.862222,5.887057e-01,0,6.551522e-07,7.383717e-01,2.601787e-01,-2.694329e+00
344,2.870567,7.428887e-01,1.226617e+02,4.981658e-06,1.260569e+00,2.635981e-01,-2.667164e+00
345,2.878912,8.549666e-01,2.421083e+02,4.824058e-06,1.224499e+00,2.514910e-01,-2.766438e+00
346,2.887256,8.477592e-01,3.554463e+02,1.034979e-05,1.853202e+00,2.296389e-01,-2.950800e+00
347,2.895601,7.620256e-01,3.406017e+02,9.266017e-06,1.794272e+00,2.016779e-01,-3.214298e+00
348,2.903946,6.931739e-01,3.239805e+02,8.988491e-06,1.693974e+00,1.799632e-01,-3.440741e+00
349,2.912290,7.176132e-01,2.898232e+02,5.964071e-06,1.530842e+00,1.564233e-01,-3.720958e+00
350,2.920635,8.077366e-01,2.399063e+02,2.662789e-06,9.415519e-01,1.511560e-01,-3.784797e+00
351,2.928980,8.729154e-01,1.952109e+02,4.203374e-06,1.227121e+00,1.601952e-01,-3.681058e+00
352,2.937324,8.267072e-01,1.743901e+02,1.763849e-06,8.351386e-01,1.924436e-01,-3.321162e+00
353,2.945669,7.290018e-01,1.748496e+02,5.057902e-06,1.423993e+00,2.248930e-01,-2.999914e+00
354,2.954014,6.818647e-01,1.750794e+02,5.163289e-06,1.433974e+00,2.529720e-01,-2.753286e+00
355,2.962358,7.316452e-01,1.750794e+02,5.615448e-06,1.598440e+00,2.691705e-01,-2.626459e+00
356,2.970703,8.285127e-01,1.750794e+02,3.726790e-06,1.449102e+00,2.796044e-01,-2.549153e+00
357,2.979048,8.880749e-01,1.748496e+02,2.297553e-06,1.237345e+00,2.854546e-01,-2.507529e+00
358,2.987392,9.023286e-01,1.743901e+02,8.857062e-06,1.687364e+00,2.872129e-01,-2.495109e+00
359,2.995737,9.058866e-01,1.739306e+02,8.674935e-06,1.666456e+00,2.875978e-01,-2.492421e+00
360,3.004082,9.041200e-01,1.739305e+02,9.001499e-06,1.739914e+00,2.877720e-01,-2.491221e+00
361,3.012426,9.008698e-01,1.746235e+02,2.596231e-06,1.320217e+00,2.926122e-01,-2.458181e+00
362,3.020771,8.995790e-01,1.755499e+02,1.412565e-05,1.822363e+00,2.970380e-01,-2.428035e+00
363,3.029116,8.981347e-01,1.767248e+02,1.774017e-05,2.126988e+00,2.994764e-01,-2.411455e+00
364,3.037460,8.914986e-01,1.786621e+02,3.890307e-05,2.881569e+00,2.967802e-01,-2.429658e+00
365,3.045805,8.797271e-01,1.813707e+02,3.199468e-05,2.674007e+00,2.962155e-01,-2.433429e+00
366,3.054150,8.503664e-01,1.849331e+02,4.083191e-05,2.959849e+00,2.992983e-01,-2.413040e+00
367,3.062494,8.278182e-01,1.892010e+02,2.523345e-05,2.593984e+00,3.114934e-01,-2.334400e+00
368,3.070839,8.300832e-01,1.942240e+02,2.310304e-05,2.493920e+00,3.270341e-01,-2.237687e+00
369,3.079184,8.580000e-01,1.991308e+02,9.993574e-06,1.640810e+00,3.449221e-01,-2.130304e+00
370,3.087528,8.783066e-01,2.033914e+02,3.752559e-06,9.634193e-01,3.577366e-01,-2.056587e+00
371,3.095873,8.793838e-01,2.072016e+02,3.491839e-05,1.621512e+00,3.662218e-01,-2.009160e+00
372,3.104218,8.842499e-01,2.108259e+02,3.524029e-05,1.808012e+00,3.692780e-01,-1.992427e+00
373,3.112562,9.006012e-01,2.145792e+02,4.641341e-05,2.638484e+00,3.635178e-01,-2.024559e+00
374,3.120907,9.179485e-01,2.181154e+02,2.703530e-05,2.348002e+00,3.459192e-01,-2.126986e+00
375,3.129252,9.205489e-01,2.209932e+02,2.963420e-05,2.651877e+00,3.170459e-01,-2.304859e+00
376,3.137596,9.015543e-01,2.228359e+02,6.909830e-05,3.200013e+00,2.840976e-01,-2.526128e+00
377,3.145941,8.438275e-01,2.235862e+02,5.576947e-05,2.730400e+00,2.499342e-01,-2.785581e+00
378,3.154286,8.056461e-01,2.235862e+02,5.542783e-05,2.707124e+00,2.104048e-01,-3.147182e+00
379,3.162630,7.980404e-01,2.224718e+02,5.167414e-06,1.551985e+00,1.650672e-01,-3.667230e+00
380,3.170975,8.194485e-01,2.195720e+02,3.291293e-06,1.289451e+00,1.247377e-01,-4.217038e+00
381,3.179320,8.023282e-01,2.153340e+02,2.344725e-06,1.211134e+00,9.811214e-02,-4.659504e+00
382,3.187664,7.899022e-01,2.108402e+02,1.956184e-06,9.240994e-01,9.035552e-02,-4.810069e+00
383,3.196009,8.038053e-01,2.068706e+02,2.035562e-06,9.477198e-01,9.503635e-02,-4.717646e+00
384,3.204354,8.427432e-01,2.016813e+02,1.124522e-06,8.328283e-01,1.156628e-01,-4.352337e+00
385,3.212698,8.613295e-01,1.957543e+02,1.145880e-06,9.191957e-01,1.393874e-01,-3.969802e+00
386,3.221043,8.589399e-01,1.913595e+02,1.759666e-06,1.035332e+00,1.622718e-01,-3.642898e+00
387,3.229388,8.320827e-01,1.896306e+02,2.051363e-06,1.079543e+00,1.752457e-01,-3.485995e+00
388,3.237732,7.843766e-01,1.893597e+02,3.220251e-06,1.419333e+00,1.864560e-01,-3.360950e+00
389,3.246077,7.748663e-01,1.888179e+02,3.419499e-06,1.445429e+00,1.926833e-01,-3.294103e+00
390,3.254422,8.090850e-01,1.882807e+02,3.865601e-06,1.498530e+00,1.934890e-01,-3.285476e+00
391,3.262766,8.678813e-01,1.869756e+02,3.278011e-06,1.408442e+00,1.899106e-01,-3.322903e+00
392,3.271111,8.962870e-01,1.846488e+02,5.557961e-06,1.593217e+00,1.860596e-01,-3.363445e+00
393,3.279456,9.045730e-01,1.820944e+02,4.174648e-06,1.303558e+00,1.822914e-01,-3.404784e+00
394,3.287800,9.030123e-01,1.803337e+02,9.554348e-06,1.697863e+00,1.719956e-01,-3.525915e+00
395,3.296145,8.891128e-01,1.793535e+02,6.109870e-06,1.181028e+00,1.562532e-01,-3.723338e+00
396,3.304490,8.693168e-01,1.781558e+02,1.026246e-05,1.664560e+00,1.327518e-01,-4.062753e+00
397,3.312834,8.489935e-01,1.760538e+02,4.338805e-06,1.071091e+00,1.080312e-01,-4.496665e+00
398,3.321179,8.295842e-01,1.722475e+02,5.084149e-06,1.343561e+00,7.747290e-02,-5.233791e+00
399,3.329524,7.827461e-01,1.674886e+02,8.492830e-07,7.651789e-01,5.198993e-02,-6.081970e+00
400,3.337868,7.147319e-01,1.644979e+02,1.086868e-06,8.881186e-01,3.284642e-02,-6.907855e+00
401,3.346213,6.739399e-01,1.647173e+02,3.279314e-07,5.856607e-01,2.537000e-02,-7.362707e+00
402,3.354558,6.354794e-01,1.715424e+02,5.042875e-07,7.317612e-01,2.259640e-02,-7.581345e+00
403,3.362902,5.752969e-01,1.868220e+02,2.829972e-07,6.237242e-01,2.119792e-02,-7.712908e+00
404,3.371247,5.123076e-01,1.308667e+02,3.211329e-07,6.874428e-01,1.892576e-02,-7.948162e+00
405,3.379592,4.626295e-01,6.997009e+01,1.603107e-07,5.704721e-01,1.770043e-02,-8.073564e+00
406,3.387937,4.309600e-01,0,9.629377e-08,4.799844e-01,4.269252e-02,-7.014237e+00
407,3.396281,4.130704e-01,0,4.606772e-08,3.493413e-01,8.689211e-02,-5.532482e+00
408,3.404626,4.223507e-01,0,1.360190e-08,2.243595e-01,1.437660e-01,-3.958207e+00
409,3.412971,5.408122e-01,0,2.110131e-09,1.537984e-01,1.870841e-01,-3.380293e+00
410,3.421315,6.830611e-01,6.450293e+01,3.492691e-08,2.622044e-01,2.194849e-01,-3.044970e+00
411,3.429660,8.311326e-01,1.290059e+02,4.295362e-08,3.312119e-01,2.494789e-01,-2.784667e+00
412,3.438005,9.053292e-01,1.935088e+02,6.190658e-06,1.077316e+00,2.719553e-01,-2.609344e+00
413,3.446349,9.177623e-01,1.935088e+02,6.401401e-06,1.213216e+00,2.856748e-01,-2.506173e+00
414,3.454694,9.086931e-01,1.937942e+02,8.217683e-06,1.658059e+00,2.911730e-01,-2.467796e+00
415,3.463039,8.983810e-01,1.943650e+02,3.965775e-06,1.420448e+00,2.938936e-01,-2.449392e+00
416,3.471383,8.986570e-01,1.952263e+02,1.023904e-05,1.929957e+00,3.010150e-01,-2.401537e+00
417,3.479728,9.087687e-01,1.966896e+02,2.383508e-05,2.427905e+00,3.053107e-01,-2.373018e+00
418,3.488073,9.196494e-01,1.990833e+02,3.029109e-05,2.742450e+00,3.097664e-01,-2.343933e+00
419,3.496417,9.270632e-01,2.018055e+02,3.364009e-05,2.850177e+00,3.161526e-01,-2.303757e+00
420,3.504762,9.321971e-01,2.039585e+02,2.037334e-05,2.380558e+00,3.222949e-01,-2.264989e+00
421,3.513107,9.342040e-01,2.052137e+02,2.632883e-05,2.534092e+00,3.269938e-01,-2.235631e+00
422,3.521451,9.301580e-01,2.058501e+02,6.993107e-05,3.142207e+00,3.195498e-01,-2.282701e+00
423,3.529796,9.118263e-01,2.058501e+02,7.181416e-05,3.263206e+00,3.034978e-01,-2.389199e+00
424,3.538141,8.658359e-01,2.052137e+02,5.876723e-05,2.730422e+00,2.746937e-01,-2.593623e+00
425,3.546485,7.879542e-01,2.042651e+02,1.235618e-05,2.034241e+00,2.380645e-01,-2.891130e+00
426,3.554830,7.276871e-01,2.030156e+02,9.779776e-06,1.849067e+00,1.945157e-01,-3.314281e+00
427,3.563175,6.363748e-01,2.017777e+02,8.875326e-06,1.692360e+00,1.475796e-01,-3.900185e+00
428,3.571519,6.254914e-01,1.340036e+02,3.012683e-06,1.348367e+00,1.333630e-01,-4.064375e+00
429,3.579864,5.994866e-01,1.349349e+02,1.793032e-06,1.131527e+00,1.502622e-01,-3.867270e+00
430,3.588209,6.208758e-01,1.361728e+02,1.461833e-06,9.454052e-01,1.915593e-01,-3.329927e+00
431,3.596553,6.362105e-01,2.019115e+02,5.508916e-07,7.743102e-01,2.245684e-01,-2.996717e+00
432,3.604898,7.113852e-01,1.944706e+02,4.166131e-07,7.087284e-01,2.511129e-01,-2.771427e+00
433,3.613243,8.087543e-01,1.840582e+02,2.925750e-06,1.167306e+00,2.717815e-01,-2.608443e+00
434,3.621587,8.642359e-01,1.748971e+02,2.727768e-05,2.061400e+00,2.811479e-01,-2.537900e+00
435,3.629932,8.679801e-01,1.693397e+02,3.064180e-05,2.497773e+00,2.790678e-01,-2.553052e+00
436,3.638277,8.695247e-01,1.657372e+02,2.867286e-05,2.275796e+00,2.734405e-01,-2.593629e+00
437,3.646621,8.778610e-01,1.626391e+02,1.873839e-05,2.101909e+00,2.676312e-01,-2.636495e+00
438,3.654966,8.858361e-01,1.604555e+02,2.590644e-05,2.370779e+00,2.610361e-01,-2.686946e+00
439,3.663311,8.870901e-01,1.587215e+02,2.563028e-05,2.299659e+00,2.525784e-01,-2.752993e+00
440,3.671655,8.847442e-01,1.573933e+02,2.207460e-05,2.216918e+00,2.410669e-01,-2.847061e+00
441,3.680000,8.839942e-01,1.562755e+02,1.265262e-05,1.766420e+00,2.285245e-01,-2.955020e+00
442,3.688345,8.825443e-01,1.551813e+02,1.236520e-05,1.519130e+00,2.134271e-01,-3.092133e+00
443,3.696689,8.826563e-01,1.540948e+02,1.250509e-05,1.522711e+00,1.968016e-01,-3.256807e+00
444,3.705034,8.849576e-01,1.548749e+02,1.423341e-05,1.671977e+00,1.779397e-01,-3.461480e+00
445,3.713379,8.849885e-01,1.577002e+02,1.538080e-05,2.082988e+00,1.575909e-01,-3.706712e+00
446,3.721723,8.803598e-01,1.607040e+02,4.564622e-06,1.493604e+00,1.384955e-01,-3.965604e+00
447,3.730068,8.628519e-01,1.622059e+02,5.400543e-06,1.543483e+00,1.183761e-01,-4.287867e+00
448,3.738413,8.192038e-01,1.622059e+02,4.405827e-06,1.325016e+00,9.930208e-02,-4.647314e+00
449,3.746757,7.801182e-01,1.622059e+02,4.023338e-06,1.178668e+00,8.014178e-02,-5.078336e+00
450,3.755102,7.752057e-01,1.608825e+02,3.903162e-06,1.172007e+00,6.377830e-02,-5.547851e+00
451,3.763447,7.835458e-01,1.582358e+02,3.832470e-06,1.127693e+00,4.762818e-02,-6.167171e+00
452,3.771791,7.601142e-01,1.532964e+02,4.085114e-06,1.239882e+00,3.381396e-02,-6.877244e+00
453,3.780136,6.763017e-01,1.475378e+02,4.378137e-07,6.835737e-01,2.185678e-02,-7.793681e+00
454,3.788481,5.337305e-01,1.429543e+02,4.237700e-07,6.718023e-01,1.307017e-02,-8.988686e+00
455,3.796825,5.056880e-01,9.382505e+01,8.422048e-08,3.870213e-01,6.748059e-03,-1.034917e+01
456,3.805170,5.775315e-01,9.562472e+01,7.069551e-08,2.888822e-01,3.562002e-03,-1.138025e+01
457,3.813515,7.419210e-01,1.031260e+02,1.818632e-09,1.401201e-01,2.653782e-03,-1.186581e+01
458,3.821859,8.085744e-01,1.667094e+02,2.137917e-09,1.468197e-01,2.534273e-03,-1.195603e+01
459,3.830204,7.783637e-01,1.894927e+02,2.329686e-09,1.577058e-01,2.412898e-03,-1.205719e+01
460,3.838549,6.895878e-01,2.150480e+02,1.983245e-09,1.512293e-01,2.136038e-03,-1.232087e+01
461,3.846893,5.925536e-01,2.391856e+02,1.314936e-09,1.334441e-01,1.837887e-03,-1.262002e+01
462,3.855238,5.907009e-01,1.676160e+02,1.021759e-09,1.029924e-01,1.593618e-03,-1.288677e+01
463,3.863583,6.965801e-01,1.860723e+02,3.390001e-10,7.508262e-02,1.443227e-03,-1.309070e+01
464,3.871927,5.369900e-01,2.182321e+02,9.736340e-11,5.613486e-02,1.310535e-03,-1.328430e+01
465,3.880272,6.072311e-01,2.182321e+02,3.330757e-10,8.404761e-02,1.196185e-03,-1.345882e+01
466,3.888617,5.792901e-01,2.797358e+02,9.158800e-10,1.097012e-01,1.151207e-03,-1.353428e+01
467,3.896961,7.744972e-01,3.148166e+02,1.248577e-09,1.322175e-01,1.061731e-03,-1.370613e+01
468,3.905306,4.747882e-01,4.664478e+02,1.037070e-09,1.140138e-01,9.432849e-04,-1.395347e+01
469,3.913651,2.054257e-01,3.065928e+02,3.909569e-10,6.811047e-02,8.482246e-04,-1.414819e+01
470,3.921995,4.135190e-04,1.516312e+02,3.209282e-11,3.673568e-02,8.284671e-04,-1.419294e+01
471,3.930340,5.470701e-04,0,5.934472e-11,4.132959e-02,8.453850e-04,-1.415148e+01
472,3.938685,1.138472e-03,0,2.718918e-10,7.272635e-02,8.067249e-04,-1.425045e+01
473,3.947029,1.008626e-03,0,3.783952e-10,9.121954e-02,7.013606e-04,-1.455878e+01
474,3.955374,7.962334e-04,0,3.896215e-10,9.263173e-02,5.587842e-04,-1.503178e+01
475,3.963719,2.001023e-03,0,1.943102e-10,7.330524e-02,4.143721e-04,-1.563897e+01
476,3.972063,1.846018e-02,0,9.945044e-11,6.010296e-02,3.178455e-04,-1.615478e+01
477,3.980408,2.725784e-01,0,5.028848e-11,5.133203e-02,2.276867e-04,-1.686079e+01
478,3.988753,3.762414e-01,0,3.626619e-11,4.471581e-02,1.453425e-04,-1.811440e+01
479,3.997098,4.555904e-01,0,1.990677e-11,2.772768e-02,6.627242e-05,-2.020631e+01
480,4.005442,2.186960e-01,0,3.547349e-12,1.073955e-02,1.970498e-05,-2.261058e+01
481,4.013787,1.132155e-01,0,0,0,4.884753e-06,-2.979288e+01
482,4.022132,1.737001e-02,0,0,0,1.299543e-06,-3.602906e+01
483,4.030476,0,0,0,0,0,-4.158871e+01
484,4.038821,0,0,0,0,0,-4.158871e+01
485,4.047166,0,0,0,0,0,-4.158871e+01
486,4.055510,0,0,0,0,0,-4.158871e+01
487,4.063855,0,0,0,0,0,-4.158871e+01
488,4.072200,0,0,0,0,0,-4.158871e+01
489,4.080544,0,0,0,0,0,-4.158871e+01
490,4.088889,0,0,0,0,0,-4.158871e+01
491,4.097234,0,0,0,0,0,-4.158871e+01
492,4.105578,0,0,0,0,0,-4.158871e+01
493,4.113923,0,0,0,0,0,-4.158871e+01
494,4.122268,0,0,0,0,0,-4.158871e+01
495,4.130612,0,0,0,0,0,-4.158871e+01
496,4.138957,0,0,0,0,0,-4.158871e+01
497,4.147302,0,0,0,0,0,-4.158871e+01
498,4.155646,0,0,0,0,0,-4.158871e+01
499,4.163991,0,0,0,0,0,-4.158871e+01
500,4.172336,0,0,0,0,0,-4.158871e+01
501,4.180680,0,0,0,0,0,-4.158871e+01
502,4.189025,0,0,0,0,0,-4.158871e+01
503,4.197370,0,0,0,0,0,-4.158871e+01
504,4.205714,0,0,0,0,0,-4.158871e+01
505,4.214059,0,0,0,0,0,-4.158871e+01
506,4.222404,0,0,0,0,0,-4.158871e+01
507,4.230748,0,0,0,0,0,-4.158871e+01
508,4.239093,0,0,0,0,0,-4.158871e+01
509,4.247438,0,0,0,0,0,-4.158871e+01
510,4.255782,0,0,0,0,0,-4.158871e+01
511,4.264127,0,0,0,0,0,-4.158871e+01
512,4.264127,0,0,0,0,0,-4.158871e+01
